id,firstname,middlename,lastname,works_in,salary,email_address
allen-p,Peter,Ben,Allen,DEF,80000,allen@enron.com
arnold-j,Ben,Luca,Arnold,HS,65000,arnold@enron.com
arora-h,Tim,Paul,Arora,IIS,40000,arora@enron.com
badeer-r,Jacob,Jonas,Badeer,ET,55000,badeer@enron.com
bailey-s,Susan,Finn,Bailey,SS,43000,susan.bailey@enron.com
bass-e,Eric,Leon,Bass,H,67000,ebass@enron.com
baughman-d,Don,Luis,Baughman,DEF,77000,don.baughman@enron.com
beck-s,Sally,Lukas ,Beck,AWR,79000,sally.beck@enron.com
benson-r,Robert,Maximilian,Benson,HS,46000,robert.benson@enron.com
blair-l,Lynn,Felix,Blair,CA,75000,lynn.blair@enron.com
brawner-s,Sandra,Noah,Brawner,IIS,60000,sandra.brawner@enron.com
buy-r,Klaus,Elias,Buy,ET,45000,buy@enron.com
campbell-l,Lesli,Julian,Campbell,AWR,50000,lesli.campbell@enron.com
carson-m,Margaret,Max,Carson,H,73000,margaret.carson@enron.com
cash-m,Michelle,Tim,Cash,F,65000,michelle.cash@enron.com
causholli-m,Monika,Moritz,Causholli,SS,64000,monika.causholli@enron.com
corman-s,Shelley,Henry,Corman,CA,63000,shelley.corman@enron.com
crandell-s,Klaus,Niklas,Crandell,PMC,71000,crandell@enron.com
cuilla-m,Peter,Philipp,Cuilla,HS,72000,mcuilla@enron.com
dasovich-j,Jeff,Jakob,Dasovich,DEF,74000,jeff_dasovich@enron.com
davis-d,Dana,Tom,Davis,PMC,82000,d..davis@enron.com
dean-c,Clint,Jan,Dean,F,83000,clint.dean@enron.com
delainey-d,David,Emil,Delainey,AWR,85000,david.delainey@enron.com
derrick-j,James,Alexander,Derrick,ET,80000,james.derrick@enron.com
dickson-s,Stacy,David,Dickson,HS,65000,stacy.dickson@enron.com
donohoe-t,Tom,Oskar,Donohoe,HS,40000,tom.donohoe@enron.com
donoho-l,Lindy,Fabian,Donohoe,SS,55000,lindy.donoho@enron.com
dorland-c,Chris,Anton,Dorland,DEF,43000,chris.dorland@enron.com
ermis-f,Frank,Erik,Ermis,IIS,67000,frank.ermis@enron.com
farmer-d,Daren,Rafael,Farmer,AWR,77000,daren.farmer@enron.com
fischer-m,Mark,Matteo,Fischer,F,79000,mark.fischer@enron.com
forney-j,Mark,Leo,Forney,HS,46000,forney@enron.com
fossum-d,Drew,Mats / Mads,Fossum,DEF,75000,drew.fossum@enron.com
gang-l,Lisa,Simon,Gang,IIS,60000,lisa.gang@enron.com
gay-r,Randall,Yannij,Gay,PMC,45000,randall.gay@enron.com
geaccone-t,Tracy,Lennard,Geaccone,ET,50000,tracy.geaccone@enron.com
germany-c,Chris,Liam,Germany,SS,73000,chris.germany@enron.com
gilbertsmith-d,Scotty,Linus,Gilbertsmith,H,65000,scotty.gilbert@enron.com
giron-d,Darron,Hannes,Giron,CA,64000,darron.giron@enron.com
griffith-j,John,Mika,Griffith,AWR,63000,john.griffith@enron.com
grigsby-m,Mike,Vincent,Grigsby,DEF,71000,mike.grigsby@enron.com
guzman-m,Mark,Adrian,Guzman,IIS,72000,mark.guzman@enron.com
haedicke-m,Mark,Jonathan,Haedicke,F,74000,mark.haedicke@enron.com
hain-m,Mary,Theo,Hain,PMC,82000,mary.hain@enron.com
harris-s,Susan,Nico,Harris,HS,83000,susan.harrison@enron.com
hayslett-r,Rod,Till,Hayslett,SS,85000,rod.hayslett@enron.com
heard-m,Marie,Benjamin,Heard,ET,45000,marie.heard@enron.com
hendrickson-s,Scotty,Florian,Hendrickson,H,50000,scott.hendrickson@enron.com
hernandez-j,Judy,Marlon,Hernandez,PMC,73000,judy.hernandez@enron.com
hodge-j,Jeffrey,Julius,Hodge,CA,65000,jeffrey.hodge@enron.com
holst-k,Keith,Nick,Holst,PMC,64000,keith.holst@enron.com
horton-s,Stan,Samuel,Horton,IIS,63000,stan.horton@enron.com
hyatt-k,Kevon,Nils,Hyatt,DEF,71000,kevin.hyatt@enron.com
hyvl-d,Dana,Johannes,Hyvl,HS,72000,dan.hyvl@enron.com
jones-t,Timothy,Jonas,Jones,SS,74000,timothy.jones@enron.com
kaminski-v,Vince,Karl,Kaminski,AWR,82000,vince.j.kaminski@enron.com
kean-s,Steven,Daniel,Kean,ET,83000,steven.kean@enron.com
keavey-p,Peter,Lennox,Keavey,PMC,85000,peter.keavey@enron.com
keiser-k,Kam,Aaron,Keiser,CA,80000,kam.keiser@enron.com
king-j,John,Mattis,King,H,65000,john.king@enron.com
kitchen-l,Louise,Ole,Kitchen,PMC,40000,louise.kitchen@enron.com
kuykendall-t,Tori,Leonard,Kuykendall,IIS,55000,tori.kuykendall@enron.com
lavorato-j,John,Constantin,Lavorato,F,43000,john.j.lavorato@enron.com
lay-k,Kenneth,Sebastian,Lay,DEF,67000,kenneth.lay@enron.com
lenhart-m,Matthew,Jannis,Lenhart,HS,77000,matthew.lenhart@enron.com
lewis-a,Lewis,Colin,Lewis,PMC,79000,lewis@enron.com
linder-e,Eric,Joel,Linder,H,46000,eric.linder@enron.com
lokay-m,Michelle,Tobias,Lokay,AWR,75000,michele.lokay@enron.com
lokey-t,Teb,Lenny / Lenni,Lokey,SS,60000,teb.lokey@enron.com
love-p,Phillip,Milan,Love,F,45000,phillip.love@enron.com
lucci-p,Paul,Johann,Lucci,AWR,50000,paul.lucci@enron.com
maggi-m,Maggie,Joshua,Maggi,IIS,73000,maggie.matheson@enron.com
mann-k,Kay,Dominic,Mann,H,71000,kay.mann@enron.com
martin-t,Thomas,Maxim,Martin,DEF,72000,thomas.martin@enron.com
may-l,Larry,John,May,PMC,74000,larry.may@enron.com
mccarty-d,Danny,Mohammed,McCarty,HS,82000,danny.mccarty@enron.com
mcconnell-m,Mike,Timo,Mc Connell,H,83000,mike.mcconnell@enron.com
mckay-b,Klaus,Robin,Mc Kay,CA,85000,mckay@enron.com
mckay-j,Jonathan,Valentin,Mc Kay,IIS,45000,jonathan.mckay@enron.com
mclaughlin-e,Errol,Jayden,Mc Laughlin,CA,50000,errol.mclaughlin@enron.com
merriss-s,Steven,Benedikt,Merriss,SS,73000,steven.merris@enron.com
meyers-a,Albert,Justus,Meyers,H,65000,albert.meyers@enron.com
mims-thurston-p,Patrice,Levin,Mims,AWR,64000,patrice.mims@enron.com
motley-m,Matthew,Damian,Motley,F,63000,matt.motley@enron.com
neal-s,Klaus,Phil,Neal,PMC,71000,neal@enron.com
nemec-g,Gerald,Toni,Nemec,AWR,72000,gerald.nemec@enron.com
panus-s,Stephanie,Levi,Panus,DEF,74000,stephanie.panus@enron.com
parks-j,Joe,Jamie,Parks,IIS,71000,joe.parks@enron.com
pereira-s,Susan,Lian,Pereira,PMC,72000,susan.pereira@enron.com
perlingiere-d,Debra,Kilian,Pelingiere,F,74000,debra.perlingiere@enron.com
phanis-s,Kals,Malte,Phanis,HS,82000,phanis@enron.com
pimenov-v,Vladi,Noel,Pimenov,SS,83000,vladi.pimenov@enron.com
platter-p,Phillip,Jason,Platter,CA,85000,phillip.platter@enron.com
presto-k,Kevin,Bennet,Presto,H,45000,kevin.presto@enron.com
quenet-j,Joe,Tyler,Quenet,AWR,50000,joe.quenet@enron.com
quigley-d,Dutch,Gabriel,Quigley,SS,73000,dutch.quigley@enron.com
rapp-b,Bill,Sam,Rapp,ET,65000,bill.rapp@enron.com
reitmeyer-j,Jay,Michael,Reitmeyer,AWR,64000,jay.reitmeyer@enron.com
richey-c,Cooper,Arthur,Richey,SS,63000,cooper.richey@enron.com
ring-a,Andrea,Bastian,Ring,H,71000,andrea.ring@enron.com
ring-r,Richard,Bruno,Ring,PMC,72000,richard.ring@enron.com
rodrique-r,Andy,Lasse,Rodrique,HS,74000,andy.rodriquez@enron.com
rogers-b,Benjamin,Mark,Rogers,DEF,80000,benjamin.rogers@enron.com
ruscitti-k,Kevin,Pepe,Ruscitti,H,65000,kevin.ruscitti@enron.com
sager-e,Elizabeth,Luke / Luc,Sager,AWR,40000,elizabeth.sager@enron.com
saibi-e,Eric,Oliver,Saibi,F,55000,eric.saibi@enron.com
salisbury-h,Holden,Marvin,Salisbury,PMC,43000,holden.salisbury@enron.com
sanchez-m,Monique,Emilio,Sanchez,CA,67000,monique.sanchez@enron.com
sanders-r,Richard,Silas,Sanders,AWR,77000,richard.sanders@enron.com
scholtes-d,Diana,Emir,Scholtes,SS,79000,diana.scholtes@enron.com
schoolcraft-d,Darrell,Lars,Schoolcraft,HS,46000,darrell.schoolcraft@enron.com
schwieger-j,Klaus,Leopold,Schwieger,DEF,75000,schwieger@enron.com
scott-s,Shyril,Richard,Scott,SS,60000,shyril.scott@enron.com
semperger-c,Klaus,Lias,Semperger,AWR,45000,semperger@enron.com
shackleton-s,Sara,Elia,Shackleton,ET,50000,sara.shackleton@enron.com
shankman-j,Jeffrey,Matti,Shankman,H,73000,jeffrey.shankman@enron.com
shapiro-r,Klaus,Theodor,Shapiro,PMC,65000,shapiro@enron.com
shively-h,Susan,Christian,Shivley,SS,64000,s..shively@enron.com
skilling-j,Peter,Jannes,Skilling,DEF,63000,skilling@enron.com
slinger-r,Ryan,Tristan,Slinger,PMC,71000,ryan.slinger@enron.com
smith-m,Mike,Leandro,Smith,HS,72000,mike.smith@enron.com
solberg-g,Geir,Marcel,Solberg,F,74000,geir.solberg@enron.com
south-s,Steven,Frederik,South,IIS,82000,steven.south@enron.com
staab-t,Theresa,Connor,Staab,SS,83000,theresa.staab@enron.com
stclair-c,Carol,Manuel,St. Clair,CA,85000,carol.clair@enron.com
steffes-j,James,Dean,Steffes,H,80000,james.steffes@enron.com
stepenovitch-j,Joe,Adam,Setepenovic,IIS,65000,joe.stepenovitch@enron.com
stokley-c,Chriss,Diego,Stokley,PMC,40000,chris.stokley@enron.com
storey-g,Geoff,Piet,Storey,HS,55000,geoff.storey@enron.com
sturm-f,Fletcher,Franz,Sturm,DEF,43000,fletcher.sturm@enron.com
swerzbin-m,Mike,Fritz,Swerzbin,AWR,67000,mike.swerzbin@enron.com
symes-k,Kate,Hugo,Symes,PMC,77000,kate.symes@enron.com
taylor-m,Mark,Michel,Taylor,CA,79000,taylor@enron.com
tholt-j,Jane,Ilias,Tholt,PMC,46000,jane.tholt@enron.com
thomas-p,Paul,Nico,Thomas,H,75000,paul.thomas@enron.com
townsend-j,Judy,Matthias,Townsend,SS,60000,judy.townsend@enron.com
tycholiz-b,Barry,Dennis,Tycholiz,DEF,45000,barry.tycholiz@enron.com
ward-k,Kim,Jeremy,Ward,AWR,50000,kim.ward@enron.com
watson-k,Kimberley,Neo,Watson,F,73000,kimberly.watson@enron.com
weldon-c,Charles,Finnley,Weldon,PMC,65000,charles.weldon@enron.com
whalley-g,Greg,Marco,Whalley,HS,64000,greg.whalley@enron.com
whalley-l,Peter,Pascal,Whalley,PMC,63000,whalley@enron.com
white-s,Stacey,Fabio,White,CA,71000,stacey.white@enron.com
whitt-m,Mark,Ludwig,Whitt,H,72000,mark.whitt@enron.com
williams-j,Joya,Malik,Williams,AWR,74000,joya.williams@enron.com
williams-w3,Walt,Nikita,Williams,ET,82000,walt.williams@enron.com
wolfe-j,Jason,Henrik,Wolfe,HS,83000,jason.wolfe@enron.com
ybarbo-p,Amanda,Lionel,Ybarbo,IIS,85000,amanda.ybarbo@enron.com
zipper-a,Peter,Martin,Zipper,DEF,45000,zipper@enron.com
zufferli-j,Mark,Clemens ,Zufferli,F,50000,zufferli@enron.com
